"","x"
"1","multinube"
"2","nube"
"3","nube"
"4","nube"
"5","nube"
"6","multinube"
"7","nube"
"8","multinube"
"9","nube"
"10","multinube"
"11","multinube"
"12","nube"
"13","cieloDespejado"
"14","nube"
"15","nube"
"16","nube"
"17","nube"
"18","nube"
"19","nube"
"20","nube"
"21","nube"
"22","nube"
"23","nube"
"24","nube"
"25","nube"
"26","nube"
"27","nube"
"28","multinube"
"29","nube"
"30","multinube"
"31","multinube"
"32","multinube"
"33","nube"
"34","multinube"
"35","nube"
"36","nube"
"37","multinube"
"38","nube"
"39","nube"
"40","multinube"
"41","multinube"
"42","nube"
"43","nube"
"44","multinube"
"45","nube"
"46","nube"
"47","nube"
"48","nube"
"49","nube"
"50","nube"
"51","multinube"
"52","multinube"
"53","cieloDespejado"
"54","nube"
"55","nube"
"56","nube"
"57","nube"
"58","nube"
"59","nube"
"60","nube"
"61","nube"
"62","nube"
"63","nube"
"64","multinube"
"65","multinube"
"66","nube"
"67","multinube"
"68","nube"
"69","nube"
"70","nube"
"71","nube"
"72","nube"
"73","multinube"
"74","multinube"
"75","nube"
"76","nube"
"77","nube"
"78","multinube"
"79","nube"
"80","nube"
"81","nube"
"82","nube"
"83","nube"
"84","nube"
"85","nube"
"86","multinube"
"87","nube"
"88","nube"
"89","multinube"
"90","multinube"
"91","multinube"
"92","multinube"
"93","multinube"
"94","nube"
"95","nube"
"96","multinube"
"97","nube"
"98","nube"
"99","nube"
"100","multinube"
"101","nube"
"102","nube"
"103","nube"
"104","nube"
"105","nube"
"106","nube"
"107","multinube"
"108","nube"
"109","nube"
"110","nube"
"111","nube"
"112","cieloDespejado"
"113","nube"
"114","nube"
"115","multinube"
"116","multinube"
"117","nube"
"118","nube"
"119","nube"
"120","multinube"
"121","nube"
"122","nube"
"123","nube"
"124","multinube"
"125","nube"
"126","multinube"
"127","nube"
"128","cieloDespejado"
"129","nube"
"130","nube"
"131","cieloDespejado"
"132","nube"
"133","cieloDespejado"
"134","multinube"
"135","multinube"
"136","nube"
"137","nube"
"138","multinube"
"139","nube"
"140","multinube"
"141","nube"
"142","multinube"
"143","multinube"
"144","nube"
"145","nube"
"146","nube"
"147","multinube"
"148","multinube"
"149","nube"
"150","nube"
"151","nube"
"152","nube"
"153","nube"
"154","nube"
"155","multinube"
"156","multinube"
"157","nube"
"158","multinube"
"159","nube"
"160","nube"
"161","nube"
"162","nube"
"163","multinube"
"164","nube"
"165","multinube"
"166","nube"
"167","nube"
"168","nube"
"169","nube"
"170","nube"
"171","multinube"
"172","nube"
"173","nube"
"174","multinube"
"175","nube"
"176","multinube"
"177","nube"
"178","nube"
"179","multinube"
"180","nube"
